uri,lang,isDuplicate,date,time,dateTime,dateTimePub,dataType,sim,url,title,body,source,authors,concepts,categories,image,eventUri,location,shares,sentiment,wgt,relevance
6029207165,eng,False,2020-04-12,07:24:00,2020-04-12T07:24:00Z,2020-04-12T07:24:00Z,news,0.6313725709915161,https://www.wsj.com/articles/new-york-city-public-schools-wont-re-open-until-september-mayor-says-11586613092,Cuomo Says New York Mayor Doesn't Have the Authority to Keep Schools Closed,"New York City Mayor Bill de Blasio said Saturday that he would keep the city's public school system closed for the rest of the school year, but the state's governor quickly challenged him on the decision.

The system, the largest in the nation, has been closed since March 16 because of the state's coronavirus outbreak. It won't reopen until September out of caution for students, faculty and staff, Mr. de Blasio said at press conference Saturday morning. ...","{'uri': 'wsj.com', 'dataType': 'news', 'title': 'The Wall Street Journal'}","[{'uri': 'katie_honan@wsj.com', 'name': 'Katie Honan', 'type': 'author', 'isAgency': False}, {'uri': 'lee_hawkins@wsj.com', 'name': 'Lee Hawkins', 'type': 'author', 'isAgency': False}]","[{'uri': 'http://en.wikipedia.org/wiki/Mayor_of_New_York_City', 'type': 'wiki', 'score': 4, 'label': {'eng': 'Mayor of New York City'}}, {'uri': 'http://en.wikipedia.org/wiki/Governor_(United_States)', 'type': 'wiki', 'score': 3, 'label': {'eng': 'Governor (United States)'}}, {'uri': 'http://en.wikipedia.org/wiki/Bill_de_Blasio', 'type': 'person', 'score': 3, 'label': {'eng': 'Bill de Blasio'}}, {'uri': 'http://en.wikipedia.org/wiki/Coronavirus', 'type': 'wiki', 'score': 2, 'label': {'eng': 'Coronavirus'}}]","[{'uri': 'dmoz/Society/Government', 'label': 'dmoz/Society/Government', 'wgt': 14}, {'uri': 'dmoz/Business/Management/Management_Science', 'label': 'dmoz/Business/Management/Management Science', 'wgt': 14}, {'uri': 'dmoz/Health/Nutrition/School_Meals', 'label': 'dmoz/Health/Nutrition/School Meals', 'wgt': 13}, {'uri': 'dmoz/Sports/Martial_Arts/Kurash', 'label': 'dmoz/Sports/Martial Arts/Kurash', 'wgt': 13}]",https://images.wsj.net/im-175422/social,eng-5679750,,{'facebook': 4352},-0.03529411764705881,4352,27
6030151104,eng,False,2020-04-13,06:57:00,2020-04-13T06:57:00Z,2020-04-13T06:56:00Z,news,0.4274509847164154,https://www.wsj.com/articles/trump-retweets-call-for-dr-fauci-to-be-fired-over-coronavirus-comments-11586760531,"Trump Isn't Firing Fauci Over Coronavirus Comments, White House Says","WASHINGTON -- President Trump isn't firing Anthony Fauci, the White House said Monday, seeking to extinguish speculation that flared over the weekend after Mr. Trump retweeted a critic who called for the member of his administration's coronavirus task force to be dismissed after he said lives could have been saved if the government had acted more quickly.

""Today I walk in and I hear I'm going to fire him. I'm not firing -- I think he's a wonderful guy,"" Mr. Trump said of Dr. Fauci at a White House news conference later Monday....","{'uri': 'wsj.com', 'dataType': 'news', 'title': 'The Wall Street Journal'}","[{'uri': 'alex_leary@wsj.com', 'name': 'Alex Leary', 'type': 'author', 'isAgency': False}]","[{'uri': 'http://en.wikipedia.org/wiki/Anthony_S._Fauci', 'type': 'person', 'score': 4, 'label': {'eng': 'Anthony S. Fauci'}}, {'uri': 'http://en.wikipedia.org/wiki/Donald_Trump', 'type': 'person', 'score': 4, 'label': {'eng': 'Donald Trump'}}, {'uri': 'http://en.wikipedia.org/wiki/Coronavirus', 'type': 'wiki', 'score': 3, 'label': {'eng': 'Coronavirus'}}, {'uri': 'http://en.wikipedia.org/wiki/White_House', 'type': 'wiki', 'score': 3, 'label': {'eng': 'White House'}}, {'uri': 'http://en.wikipedia.org/wiki/National_Institute_of_Allergy_and_Infectious_Diseases', 'type': 'wiki', 'score': 2, 'label': {'eng': 'National Institute of Allergy and Infectious Diseases'}}]","[{'uri': 'dmoz/Health/Conditions_and_Diseases/Allergies', 'label': 'dmoz/Health/Conditions and Diseases/Allergies', 'wgt': 19}, {'uri': 'dmoz/Recreation/Humor/Advice', 'label': 'dmoz/Recreation/Humor/Advice', 'wgt': 17}, {'uri': 'news/Politics', 'label': 'news/Politics', 'wgt': 64}]",https://images.wsj.net/im-175580/social,eng-5673959,,{'facebook': 906},,906,52
6029317627,eng,False,2020-04-12,09:48:00,2020-04-12T09:48:00Z,2020-04-12T09:48:00Z,news,0.0,https://www.wsj.com/articles/u-s-tariffs-hamper-imports-of-sanitizer-disinfectants-11586683800,"U.S. Tariffs Hamper Imports of Sanitizer, Disinfectants, Some Companies Say","WASHINGTON -- Companies asking for exemptions from the Trump administration's tariffs on Chinese imports say widespread shortages of hand sanitizer, disinfectants and other products needed to combat the spread of the coronavirus are being exacerbated by the levies.

Medical-supply companies and other importers have filed dozens of requests for tariff relief in recent weeks, public filings show. These businesses say the levies are increasing the costs of products needed to fight the pandemic and are, in some cases, contributing...","{'uri': 'wsj.com', 'dataType': 'news', 'title': 'The Wall Street Journal'}","[{'uri': 'josh_zumbrun@wsj.com', 'name': 'Josh Zumbrun', 'type': 'author', 'isAgency': False}, {'uri': 'katy_stech_ferek@wsj.com', 'name': 'Katy Stech Ferek', 'type': 'author', 'isAgency': False}]","[{'uri': 'http://en.wikipedia.org/wiki/Washington_(state)', 'type': 'loc', 'score': 4, 'label': {'eng': 'Washington (state)'}, 'location': {'type': 'place', 'label': {'eng': 'Washington (state)'}, 'country': {'type': 'country', 'label': {'eng': 'United States'}}}}, {'uri': 'http://en.wikipedia.org/wiki/Hand_sanitizer', 'type': 'wiki', 'score': 3, 'label': {'eng': 'Hand sanitizer'}}, {'uri': 'http://en.wikipedia.org/wiki/Coronavirus', 'type': 'wiki', 'score': 3, 'label': {'eng': 'Coronavirus'}}, {'uri': 'http://en.wikipedia.org/wiki/Disinfectant', 'type': 'wiki', 'score': 3, 'label': {'eng': 'Disinfectant'}}, {'uri': 'http://en.wikipedia.org/wiki/Tariff', 'type': 'wiki', 'score': 3, 'label': {'eng': 'Tariff'}}, {'uri': 'http://en.wikipedia.org/wiki/Donald_Trump', 'type': 'person', 'score': 3, 'label': {'eng': 'Donald Trump'}}, {'uri': 'http://en.wikipedia.org/wiki/China', 'type': 'loc', 'score': 3, 'label': {'eng': 'China'}, 'location': {'type': 'country', 'label': {'eng': 'China'}}}, {'uri': 'http://en.wikipedia.org/wiki/Pandemic', 'type': 'wiki', 'score': 1, 'label': {'eng': 'Pandemic'}}]","[{'uri': 'dmoz/Computers/Software/File_Management', 'label': 'dmoz/Computers/Software/File Management', 'wgt': 24}, {'uri': 'dmoz/Business/Healthcare/Products_and_Services', 'label': 'dmoz/Business/Healthcare/Products and Services', 'wgt': 11}, {'uri': 'dmoz/Recreation/Roads_and_Highways/Usenet', 'label': 'dmoz/Recreation/Roads and Highways/Usenet', 'wgt': 12}, {'uri': 'dmoz/Computers/CAD_and_CAM/Viewers', 'label': 'dmoz/Computers/CAD and CAM/Viewers', 'wgt': 16}, {'uri': 'news/Business', 'label': 'news/Business', 'wgt': 47}]",https://images.wsj.net/im-175130/social,,"{'type': 'place', 'label': {'eng': 'Washington (state)'}, 'country': {'type': 'country', 'label': {'eng': 'United States'}}}",{'facebook': 525},0.05098039215686279,525,52
6029636690,eng,True,2020-04-12,16:52:00,2020-04-12T16:52:00Z,2020-04-12T16:52:00Z,news,0.0,https://www.wsj.com/articles/u-k-prime-minister-boris-johnson-released-from-hospital-11586695818,U.K. Prime Minister Boris Johnson Released From Hospital ,"U.K. Prime Minister Boris Johnson has left the hospital and is continuing to recover from coronavirus, as recorded deaths from the illness across Britain and Northern Ireland passed the 10,000 mark.

Mr. Johnson, 55, will spend some time at Chequers, the country residence of British prime ministers, as his government begins to assess when and how to ease the lockdown restrictions introduced to limit the spread of the infection, or whether to extend them....","{'uri': 'wsj.com', 'dataType': 'news', 'title': 'The Wall Street Journal'}","[{'uri': 'james_hookway@wsj.com', 'name': 'James Hookway', 'type': 'author', 'isAgency': False}]","[{'uri': 'http://en.wikipedia.org/wiki/Prime_Minister_of_the_United_Kingdom', 'type': 'wiki', 'score': 4, 'label': {'eng': 'Prime Minister of the United Kingdom'}}, {'uri': 'http://en.wikipedia.org/wiki/Boris_Johnson', 'type': 'person', 'score': 4, 'label': {'eng': 'Boris Johnson'}}, {'uri': 'http://en.wikipedia.org/wiki/Coronavirus', 'type': 'wiki', 'score': 3, 'label': {'eng': 'Coronavirus'}}, {'uri': 'http://en.wikipedia.org/wiki/Northern_Ireland', 'type': 'loc', 'score': 3, 'label': {'eng': 'Northern Ireland'}, 'location': {'type': 'place', 'label': {'eng': 'Northern Ireland'}, 'country': {'type': 'country', 'label': {'eng': 'United Kingdom'}}}}, {'uri': 'http://en.wikipedia.org/wiki/United_Kingdom', 'type': 'loc', 'score': 3, 'label': {'eng': 'United Kingdom'}, 'location': {'type': 'country', 'label': {'eng': 'United Kingdom'}}}, {'uri': 'http://en.wikipedia.org/wiki/Chequers', 'type': 'wiki', 'score': 2, 'label': {'eng': 'Chequers'}}]","[{'uri': 'dmoz/Business/Financial_Services/Automobile_Buying_and_Financing', 'label': 'dmoz/Business/Financial Services/Automobile Buying and Financing', 'wgt': 12}, {'uri': 'dmoz/Science/Educational_Resources/Assessment', 'label': 'dmoz/Science/Educational Resources/Assessment', 'wgt': 8}, {'uri': 'dmoz/Society/Folklore/Death_and_Funeral_Customs', 'label': 'dmoz/Society/Folklore/Death and Funeral Customs', 'wgt': 10}, {'uri': 'dmoz/Society/Death/Near_Death_Experiences', 'label': 'dmoz/Society/Death/Near Death Experiences', 'wgt': 9}]",https://images.wsj.net/im-175492/social,,,{'facebook': 509},0.04313725490196085,509,52
6029317600,eng,False,2020-04-12,09:49:00,2020-04-12T09:49:00Z,2020-04-12T09:48:00Z,news,0.0,https://www.wsj.com/articles/amid-coronavirus-pandemic-china-bans-domestic-trade-of-wild-animals-but-offers-tax-breaks-for-exports-11586683800,"WSJ News Exclusive | Amid Coronavirus Pandemic, China Bans Domestic Trade of Wild Animals, but Offers Tax Breaks for Exports","Chinese authorities have shut down domestic wild animal traders on fears their goods sparked the coronavirus pandemic. Now officials are offering tax incentives to the multibillion-dollar animal-products industry to ship some of the creatures overseas, according to Chinese government documents.

China's National People's Congress on Feb. 24 imposed a ban on the sale and consumption of wild animals in the country. ""The prominent problem of recklessly eating wild animals and its potential risk to public health have aroused wide...","{'uri': 'wsj.com', 'dataType': 'news', 'title': 'The Wall Street Journal'}","[{'uri': 'kate_o_keeffe@wsj.com', 'name': ""Kate O'Keeffe"", 'type': 'author', 'isAgency': False}, {'uri': 'eva_xiao@wsj.com', 'name': 'Eva Xiao', 'type': 'author', 'isAgency': False}]","[{'uri': 'http://en.wikipedia.org/wiki/China', 'type': 'loc', 'score': 4, 'label': {'eng': 'China'}, 'location': {'type': 'country', 'label': {'eng': 'China'}}}, {'uri': 'http://en.wikipedia.org/wiki/Coronavirus', 'type': 'wiki', 'score': 3, 'label': {'eng': 'Coronavirus'}}, {'uri': 'http://en.wikipedia.org/wiki/Pandemic', 'type': 'wiki', 'score': 3, 'label': {'eng': 'Pandemic'}}, {'uri': ""http://en.wikipedia.org/wiki/National_People's_Congress"", 'type': 'wiki', 'score': 2, 'label': {'eng': ""National People's Congress""}}, {'uri': 'http://en.wikipedia.org/wiki/Government_of_China', 'type': 'org', 'score': 2, 'label': {'eng': 'Government of China'}}, {'uri': 'http://en.wikipedia.org/wiki/Public_health', 'type': 'wiki', 'score': 1, 'label': {'eng': 'Public health'}}]","[{'uri': 'dmoz/Society/Issues/Animal_Welfare', 'label': 'dmoz/Society/Issues/Animal Welfare', 'wgt': 32}, {'uri': 'dmoz/Arts/Animation/Anime', 'label': 'dmoz/Arts/Animation/Anime', 'wgt': 29}, {'uri': 'dmoz/Arts/Animation/Training', 'label': 'dmoz/Arts/Animation/Training', 'wgt': 28}]",https://images.wsj.net/im-175091/social,,,{'facebook': 427},-0.2627450980392156,427,52
6029729683,eng,False,2020-04-12,19:13:00,2020-04-12T19:13:00Z,2020-04-12T19:13:00Z,news,0.0,https://www.wsj.com/articles/its-still-america-virus-or-not-11586718091,"Opinion | It's Still America, Virus or Not","Draconian orders and enforcement will undermine public support for social distancing.

Americans by and large have willingly obeyed the government's shelter-in-place and social-distancing orders, but that doesn't seem to be enough for some public officials. They're indulging their inner bully in ways that over time will erode public support for behavior that can reduce the spread of the coronavirus.

One problem is excessive enforcement. Some state and local officials tasked with implementing shelter-at-home orders appear either to misunderstand the edicts they are meant to carry out or to suffer from a lack...","{'uri': 'wsj.com', 'dataType': 'news', 'title': 'The Wall Street Journal'}","[{'uri': 'editorial_board@wsj.com', 'name': 'Editorial Board', 'type': 'author', 'isAgency': False}]","[{'uri': 'http://en.wikipedia.org/wiki/Draconian_(band)', 'type': 'wiki', 'score': 4, 'label': {'eng': 'Draconian (band)'}}, {'uri': 'http://en.wikipedia.org/wiki/Social_distancing', 'type': 'wiki', 'score': 3, 'label': {'eng': 'Social distancing'}}, {'uri': 'http://en.wikipedia.org/wiki/Coronavirus', 'type': 'wiki', 'score': 2, 'label': {'eng': 'Coronavirus'}}]","[{'uri': 'dmoz/Science/Social_Sciences/Social_Work', 'label': 'dmoz/Science/Social Sciences/Social Work', 'wgt': 13}, {'uri': 'dmoz/Science/Social_Sciences/Public_Administration', 'label': 'dmoz/Science/Social Sciences/Public Administration', 'wgt': 17}, {'uri': 'dmoz/Society/Philanthropy/Social_Enterprise', 'label': 'dmoz/Society/Philanthropy/Social Enterprise', 'wgt': 12}, {'uri': 'dmoz/Society/Philanthropy/Homeless', 'label': 'dmoz/Society/Philanthropy/Homeless', 'wgt': 12}, {'uri': 'dmoz/Society/Organizations/Chivalric', 'label': 'dmoz/Society/Organizations/Chivalric', 'wgt': 20}]",https://images.wsj.net/im-175531/social,,,{'facebook': 409},-0.2235294117647059,409,27
6029317597,eng,False,2020-04-12,09:48:00,2020-04-12T09:48:00Z,2020-04-12T09:48:00Z,news,0.5921568870544434,https://www.wsj.com/articles/heart-conditions-prove-especially-dangerous-for-covid-19-patients-11586683801,Heart Conditions Prove Especially Dangerous for Covid-19 Patients ,"People with cardiovascular disease face more life-threatening complications and a substantially higher risk of death from the new coronavirus, according to data and reports from doctors in several countries, and even those with simple high blood pressure are being urged to take extra care against infection.

Among the complications are conditions that put these patients' already strained hearts under additional stress. While Covid-19 is a respiratory disease, doctors increasingly report that some patients develop cardiovascular...","{'uri': 'wsj.com', 'dataType': 'news', 'title': 'The Wall Street Journal'}","[{'uri': 'betsy_mckay@wsj.com', 'name': 'Betsy McKay', 'type': 'author', 'isAgency': False}]","[{'uri': 'http://en.wikipedia.org/wiki/Cardiovascular_disease', 'type': 'wiki', 'score': 4, 'label': {'eng': 'Cardiovascular disease'}}, {'uri': 'http://en.wikipedia.org/wiki/Coronavirus', 'type': 'wiki', 'score': 3, 'label': {'eng': 'Coronavirus'}}, {'uri': 'http://en.wikipedia.org/wiki/Hypertension', 'type': 'wiki', 'score': 2, 'label': {'eng': 'Hypertension'}}, {'uri': 'http://en.wikipedia.org/wiki/Infection', 'type': 'wiki', 'score': 2, 'label': {'eng': 'Infection'}}, {'uri': 'http://en.wikipedia.org/wiki/Respiratory_disease', 'type': 'wiki', 'score': 1, 'label': {'eng': 'Respiratory disease'}}, {'uri': 'http://en.wikipedia.org/wiki/Circulatory_system', 'type': 'wiki', 'score': 1, 'label': {'eng': 'Circulatory system'}}]","[{'uri': 'dmoz/Health/Conditions_and_Diseases', 'label': 'dmoz/Health/Conditions and Diseases', 'wgt': 18}, {'uri': 'dmoz/Health/Conditions_and_Diseases/Cardiovascular_Disorders', 'label': 'dmoz/Health/Conditions and Diseases/Cardiovascular Disorders', 'wgt': 27}, {'uri': 'dmoz/Health/Conditions_and_Diseases/Infectious_Diseases', 'label': 'dmoz/Health/Conditions and Diseases/Infectious Diseases', 'wgt': 20}, {'uri': 'dmoz/Health/Nutrition/Disease_Prevention', 'label': 'dmoz/Health/Nutrition/Disease Prevention', 'wgt': 19}, {'uri': 'dmoz/Health/Conditions_and_Diseases/Nutrition_and_Metabolism_Disorders', 'label': 'dmoz/Health/Conditions and Diseases/Nutrition and Metabolism Disorders', 'wgt': 18}]",https://images.wsj.net/im-174384/social,eng-5687105,,{'facebook': 249},-0.4352941176470588,249,52
6029753739,eng,False,2020-04-12,19:49:00,2020-04-12T19:49:00Z,2020-04-12T19:49:00Z,news,0.0,https://www.wsj.com/articles/poorer-eastern-european-nations-could-teach-the-west-a-lesson-on-coronavirus-11586718779,Poorer Nations in Europe's East Could Teach the West a Lesson on Coronavirus ,"Across Western Europe, hospitals overflow with people sickened by the new coronavirus and morgues struggle to keep up with the mounting number of dead. In nations to the east, however, infections have largely been kept under control and governments are starting to loosen lockdowns.

The difference is stark. By Sunday, Spain had lost 350 people per million of its population to Covid-19, Italy 322, Belgium 314, France 202 and Britain 145, according to Johns Hopkins University data. Romania, in contrast, had lost 15 per million,...","{'uri': 'wsj.com', 'dataType': 'news', 'title': 'The Wall Street Journal'}","[{'uri': 'drew_hinshaw@wsj.com', 'name': 'Drew Hinshaw', 'type': 'author', 'isAgency': False}, {'uri': 'bojan_pancevski@wsj.com', 'name': 'Bojan Pancevski', 'type': 'author', 'isAgency': False}]","[{'uri': 'http://en.wikipedia.org/wiki/Western_Europe', 'type': 'loc', 'score': 4, 'label': {'eng': 'Western Europe'}, 'location': None}, {'uri': 'http://en.wikipedia.org/wiki/Coronavirus', 'type': 'wiki', 'score': 3, 'label': {'eng': 'Coronavirus'}}, {'uri': 'http://en.wikipedia.org/wiki/Lockdown', 'type': 'wiki', 'score': 2, 'label': {'eng': 'Lockdown'}}, {'uri': 'http://en.wikipedia.org/wiki/Italy', 'type': 'loc', 'score': 2, 'label': {'eng': 'Italy'}, 'location': {'type': 'country', 'label': {'eng': 'Italy'}}}, {'uri': 'http://en.wikipedia.org/wiki/United_Kingdom', 'type': 'loc', 'score': 2, 'label': {'eng': 'United Kingdom'}, 'location': {'type': 'country', 'label': {'eng': 'United Kingdom'}}}, {'uri': 'http://en.wikipedia.org/wiki/France', 'type': 'loc', 'score': 2, 'label': {'eng': 'France'}, 'location': {'type': 'country', 'label': {'eng': 'France'}}}, {'uri': 'http://en.wikipedia.org/wiki/Spain', 'type': 'loc', 'score': 2, 'label': {'eng': 'Spain'}, 'location': {'type': 'country', 'label': {'eng': 'Spain'}}}, {'uri': 'http://en.wikipedia.org/wiki/Belgium', 'type': 'loc', 'score': 2, 'label': {'eng': 'Belgium'}, 'location': {'type': 'country', 'label': {'eng': 'Belgium'}}}, {'uri': 'http://en.wikipedia.org/wiki/Johns_Hopkins_University', 'type': 'org', 'score': 1, 'label': {'eng': 'Johns Hopkins University'}}, {'uri': 'http://en.wikipedia.org/wiki/Romania', 'type': 'loc', 'score': 1, 'label': {'eng': 'Romania'}, 'location': {'type': 'country', 'label': {'eng': 'Romania'}}}]","[{'uri': 'dmoz/Science/Math/Number_Theory', 'label': 'dmoz/Science/Math/Number Theory', 'wgt': 8}, {'uri': 'dmoz/Science/Social_Sciences/Demography_and_Population_Studies', 'label': 'dmoz/Science/Social Sciences/Demography and Population Studies', 'wgt': 11}, {'uri': 'dmoz/Recreation/Pets/Lost_and_Found', 'label': 'dmoz/Recreation/Pets/Lost and Found', 'wgt': 15}]",https://images.wsj.net/im-175271/social,,,{'facebook': 198},-0.3019607843137255,198,52
6029690967,eng,False,2020-04-12,18:14:00,2020-04-12T18:14:00Z,2020-04-12T18:14:00Z,news,0.0,https://www.wsj.com/articles/we-need-politicians-in-a-pandemic-11586710824,Opinion | We Need Politicians in a Pandemic,"The conceit that everyone must bow to 'science' is not only undemocratic but dangerous in its own right.

The U.S. economy has been cratered less by the coronavirus than by the response to it -- driven by the undemocratic idea that ""science"" should rule, even when much of the science and the data behind it remain in dispute.

We're told in this plague year that politicians have no role -- in essence, that the people have no real rights against consensus science, which can demand that we forfeit our liberties and suspend the Constitution. Political leaders, elected to exercise judgment on our behalf, must defer to doctors, because the...","{'uri': 'wsj.com', 'dataType': 'news', 'title': 'The Wall Street Journal'}","[{'uri': 'george_gilder@wsj.com', 'name': 'George Gilder', 'type': 'author', 'isAgency': False}]","[{'uri': 'http://en.wikipedia.org/wiki/Conceit', 'type': 'wiki', 'score': 4, 'label': {'eng': 'Conceit'}}, {'uri': 'http://en.wikipedia.org/wiki/Bow_(ship)', 'type': 'wiki', 'score': 4, 'label': {'eng': 'Bow (ship)'}}, {'uri': 'http://en.wikipedia.org/wiki/Coronavirus', 'type': 'wiki', 'score': 3, 'label': {'eng': 'Coronavirus'}}, {'uri': 'http://en.wikipedia.org/wiki/Economy_of_the_United_States', 'type': 'wiki', 'score': 3, 'label': {'eng': 'Economy of the United States'}}, {'uri': 'http://en.wikipedia.org/wiki/Plague_(disease)', 'type': 'wiki', 'score': 2, 'label': {'eng': 'Plague (disease)'}}, {'uri': 'http://en.wikipedia.org/wiki/Constitution', 'type': 'wiki', 'score': 1, 'label': {'eng': 'Constitution'}}]","[{'uri': 'dmoz/Science/Educational_Resources', 'label': 'dmoz/Science/Educational Resources', 'wgt': 33}, {'uri': 'dmoz/Science/Educational_Resources/Experiments', 'label': 'dmoz/Science/Educational Resources/Experiments', 'wgt': 26}, {'uri': 'dmoz/Science/Educational_Resources/Organizations', 'label': 'dmoz/Science/Educational Resources/Organizations', 'wgt': 28}]",https://images.wsj.net/im-175257/social,,,{'facebook': 192},-0.4431372549019608,192,52
6029421097,eng,False,2020-04-12,12:06:00,2020-04-12T12:06:00Z,2020-04-12T12:05:00Z,news,0.0,https://www.wsj.com/articles/as-christians-mark-easter-in-isolation-pope-francis-proclaims-contagion-of-hope-11586691839,"As Christians Mark Easter in Isolation, Pope Francis Proclaims 'Contagion of Hope' ","ROME -- Celebrating Easter in the shadow of the coronavirus pandemic, Pope Francis on Sunday proclaimed what he called a ""contagion of hope,"" after he offered Mass in a near-empty St. Peter's Basilica.

Speaking before just a handful of people, the pontiff called for the ""victory of love over the root of evil, a victory that does not bypass suffering and death, but passes through them, opening a path in the abyss, transforming evil into good.""...","{'uri': 'wsj.com', 'dataType': 'news', 'title': 'The Wall Street Journal'}","[{'uri': 'francis_x_rocca@wsj.com', 'name': 'Francis X. Rocca', 'type': 'author', 'isAgency': False}]","[{'uri': 'http://en.wikipedia.org/wiki/Easter', 'type': 'wiki', 'score': 4, 'label': {'eng': 'Easter'}}, {'uri': 'http://en.wikipedia.org/wiki/Rome', 'type': 'loc', 'score': 4, 'label': {'eng': 'Rome'}, 'location': {'type': 'place', 'label': {'eng': 'Rome'}, 'country': {'type': 'country', 'label': {'eng': 'Italy'}}}}, {'uri': 'http://en.wikipedia.org/wiki/Coronavirus', 'type': 'wiki', 'score': 3, 'label': {'eng': 'Coronavirus'}}, {'uri': ""http://en.wikipedia.org/wiki/St._Peter's_Basilica"", 'type': 'wiki', 'score': 3, 'label': {'eng': ""St. Peter's Basilica""}}, {'uri': 'http://en.wikipedia.org/wiki/Mass_(liturgy)', 'type': 'wiki', 'score': 3, 'label': {'eng': 'Mass (liturgy)'}}, {'uri': 'http://en.wikipedia.org/wiki/Pandemic', 'type': 'wiki', 'score': 3, 'label': {'eng': 'Pandemic'}}, {'uri': 'http://en.wikipedia.org/wiki/Pope_Francis', 'type': 'person', 'score': 3, 'label': {'eng': 'Pope Francis'}}]","[{'uri': 'dmoz/Business/Telecommunications/Call_Centers', 'label': 'dmoz/Business/Telecommunications/Call Centers', 'wgt': 12}, {'uri': 'dmoz/Society/Subcultures/Anti_Social', 'label': 'dmoz/Society/Subcultures/Anti Social', 'wgt': 15}, {'uri': 'dmoz/Computers/Internet/Telephony', 'label': 'dmoz/Computers/Internet/Telephony', 'wgt': 11}, {'uri': 'dmoz/Society/Religion_and_Spirituality/Morality', 'label': 'dmoz/Society/Religion and Spirituality/Morality', 'wgt': 11}]",https://images.wsj.net/im-175468/social,,"{'type': 'place', 'label': {'eng': 'Rome'}, 'country': {'type': 'country', 'label': {'eng': 'Italy'}}}",{'facebook': 159},-0.1450980392156863,159,52
6029450626,eng,False,2020-04-12,12:43:00,2020-04-12T12:43:00Z,2020-04-12T12:42:00Z,news,0.0,https://www.wsj.com/articles/some-churches-fight-to-open-on-easter-despite-coronavirus-shutdowns-11586622443,Some Churches Fight to Open on Easter Despite Coronavirus Shutdowns,"As public life across the U.S. has nearly shut down to slow the coronavirus, religious spaces have become a battleground.

In the fight over whether social-distancing rules should be enforced at houses of worship -- some jurisdictions have specifically exempted them; others haven't -- pastors have been legally charged and lawsuits filed. In Kansas, the state supreme court had to resolve a feud between the governor and the legislature.","{'uri': 'wsj.com', 'dataType': 'news', 'title': 'The Wall Street Journal'}","[{'uri': 'ian_lovett@wsj.com', 'name': 'Ian Lovett', 'type': 'author', 'isAgency': False}]","[{'uri': 'http://en.wikipedia.org/wiki/United_States', 'type': 'loc', 'score': 4, 'label': {'eng': 'United States'}, 'location': {'type': 'country', 'label': {'eng': 'United States'}}}, {'uri': 'http://en.wikipedia.org/wiki/Coronavirus', 'type': 'wiki', 'score': 3, 'label': {'eng': 'Coronavirus'}}, {'uri': 'http://en.wikipedia.org/wiki/State_supreme_court', 'type': 'wiki', 'score': 2, 'label': {'eng': 'State supreme court'}}, {'uri': 'http://en.wikipedia.org/wiki/Jurisdiction', 'type': 'wiki', 'score': 2, 'label': {'eng': 'Jurisdiction'}}, {'uri': 'http://en.wikipedia.org/wiki/Lawsuit', 'type': 'wiki', 'score': 2, 'label': {'eng': 'Lawsuit'}}, {'uri': 'http://en.wikipedia.org/wiki/Kansas', 'type': 'loc', 'score': 2, 'label': {'eng': 'Kansas'}, 'location': {'type': 'place', 'label': {'eng': 'Kansas'}, 'country': {'type': 'country', 'label': {'eng': 'United States'}}}}, {'uri': 'http://en.wikipedia.org/wiki/Feud', 'type': 'wiki', 'score': 1, 'label': {'eng': 'Feud'}}, {'uri': 'http://en.wikipedia.org/wiki/Governor', 'type': 'wiki', 'score': 1, 'label': {'eng': 'Governor'}}, {'uri': 'http://en.wikipedia.org/wiki/Legislature', 'type': 'wiki', 'score': 1, 'label': {'eng': 'Legislature'}}]","[{'uri': 'dmoz/Society/Law/Legal_Information', 'label': 'dmoz/Society/Law/Legal Information', 'wgt': 12}, {'uri': 'dmoz/Society/Religion_and_Spirituality/Religious_Tolerance', 'label': 'dmoz/Society/Religion and Spirituality/Religious Tolerance', 'wgt': 11}, {'uri': 'dmoz/Society/Issues/Church-State_Relations', 'label': 'dmoz/Society/Issues/Church-State Relations', 'wgt': 15}, {'uri': 'dmoz/Recreation/Food/Slow_Food', 'label': 'dmoz/Recreation/Food/Slow Food', 'wgt': 11}]",https://images.wsj.net/im-175429/social,,,{'facebook': 151},-0.05098039215686279,151,52
6029856959,eng,False,2020-04-12,22:47:00,2020-04-12T22:47:00Z,2020-04-12T22:47:00Z,news,0.6470588445663452,https://www.wsj.com/articles/smithfield-ceo-warns-of-risks-to-pork-supply-11586730489,Smithfield CEO Warns of Risks to Pork Supply ,"Smithfield Foods Inc. will keep its Sioux Falls, S.D., pork plant closed indefinitely at the urging of the state's governor, though the company's chief executive warned of dire consequences for farmers and consumers.

South Dakota Gov. Kristi Noem on Saturday called on Smithfield to keep the plant closed after linking it to 238 cases of the new coronavirus, representing more than half of all cases in the county. Smithfield's plant and other meatpacking facilities around the country have emerged as hot spots for Covid-19, the...","{'uri': 'wsj.com', 'dataType': 'news', 'title': 'The Wall Street Journal'}","[{'uri': 'jacob_bunge@wsj.com', 'name': 'Jacob Bunge', 'type': 'author', 'isAgency': False}]","[{'uri': 'http://en.wikipedia.org/wiki/Smithfield_Foods', 'type': 'org', 'score': 4, 'label': {'eng': 'Smithfield Foods'}}, {'uri': 'http://en.wikipedia.org/wiki/Governor_(United_States)', 'type': 'wiki', 'score': 3, 'label': {'eng': 'Governor (United States)'}}, {'uri': 'http://en.wikipedia.org/wiki/South_Dakota', 'type': 'loc', 'score': 3, 'label': {'eng': 'South Dakota'}, 'location': {'type': 'place', 'label': {'eng': 'South Dakota'}, 'country': {'type': 'country', 'label': {'eng': 'United States'}}}}, {'uri': 'http://en.wikipedia.org/wiki/Sioux_Falls,_South_Dakota', 'type': 'loc', 'score': 3, 'label': {'eng': 'Sioux Falls, South Dakota'}, 'location': {'type': 'place', 'label': {'eng': 'Sioux Falls, South Dakota'}, 'country': {'type': 'country', 'label': {'eng': 'United States'}}}}, {'uri': 'http://en.wikipedia.org/wiki/Kristi_Noem', 'type': 'person', 'score': 2, 'label': {'eng': 'Kristi Noem'}}, {'uri': 'http://en.wikipedia.org/wiki/Coronavirus', 'type': 'wiki', 'score': 2, 'label': {'eng': 'Coronavirus'}}, {'uri': 'http://en.wikipedia.org/wiki/Smithfield,_London', 'type': 'wiki', 'score': 2, 'label': {'eng': 'Smithfield, London'}}, {'uri': 'http://en.wikipedia.org/wiki/County_(United_States)', 'type': 'wiki', 'score': 2, 'label': {'eng': 'County (United States)'}}]","[{'uri': 'dmoz/Business/Agriculture_and_Forestry/Horticulture', 'label': 'dmoz/Business/Agriculture and Forestry/Horticulture', 'wgt': 9}, {'uri': 'dmoz/Shopping/Home_and_Garden/Plants', 'label': 'dmoz/Shopping/Home and Garden/Plants', 'wgt': 10}, {'uri': 'dmoz/Shopping/Antiques_and_Collectibles/Supplies', 'label': 'dmoz/Shopping/Antiques and Collectibles/Supplies', 'wgt': 8}, {'uri': 'dmoz/Recreation/Drugs/Entheogens', 'label': 'dmoz/Recreation/Drugs/Entheogens', 'wgt': 9}, {'uri': 'news/Business', 'label': 'news/Business', 'wgt': 47}]",https://images.wsj.net/im-175554/social,eng-5681950,,{'facebook': 128},-0.1529411764705882,128,27
6030389501,eng,False,2020-04-13,11:06:00,2020-04-13T11:06:00Z,2020-04-13T11:06:00Z,news,0.0,https://www.wsj.com/articles/u-s-coronavirus-cases-rise-as-officials-weigh-when-to-restart-the-economy-11586774781,States Move to Coordinate on Reopening Plans ,"Two groups of governors said they would coordinate efforts to gradually reopen businesses and ease social-distancing guidelines, even as President Trump said he had the ultimate authority over when to restart the economy.

The announcements by the governors on the East and West Coasts come after a decline in daily U.S. infection rates in recent days has prompted some officials to express cautious optimism that infections may be hitting a plateau as mitigation efforts take hold. ...","{'uri': 'wsj.com', 'dataType': 'news', 'title': 'The Wall Street Journal'}","[{'uri': 'john_lyons@wsj.com', 'name': 'John Lyons', 'type': 'author', 'isAgency': False}]","[{'uri': 'http://en.wikipedia.org/wiki/Coronavirus', 'type': 'wiki', 'score': 4, 'label': {'eng': 'Coronavirus'}}, {'uri': 'http://en.wikipedia.org/wiki/Infection', 'type': 'wiki', 'score': 4, 'label': {'eng': 'Infection'}}, {'uri': 'http://en.wikipedia.org/wiki/Lockdown', 'type': 'wiki', 'score': 3, 'label': {'eng': 'Lockdown'}}, {'uri': 'http://en.wikipedia.org/wiki/World_economy', 'type': 'wiki', 'score': 3, 'label': {'eng': 'World economy'}}, {'uri': 'http://en.wikipedia.org/wiki/United_States', 'type': 'loc', 'score': 3, 'label': {'eng': 'United States'}, 'location': {'type': 'country', 'label': {'eng': 'United States'}}}, {'uri': 'http://en.wikipedia.org/wiki/Johns_Hopkins_University', 'type': 'org', 'score': 1, 'label': {'eng': 'Johns Hopkins University'}}]","[{'uri': 'dmoz/Health/Animal/Birds', 'label': 'dmoz/Health/Animal/Birds', 'wgt': 13}, {'uri': 'dmoz/Health/Conditions_and_Diseases/Infectious_Diseases', 'label': 'dmoz/Health/Conditions and Diseases/Infectious Diseases', 'wgt': 15}, {'uri': 'dmoz/Health/Animal/Livestock', 'label': 'dmoz/Health/Animal/Livestock', 'wgt': 17}, {'uri': 'dmoz/Health/Animal/Wildlife', 'label': 'dmoz/Health/Animal/Wildlife', 'wgt': 12}, {'uri': 'dmoz/Health/Animal/Fish', 'label': 'dmoz/Health/Animal/Fish', 'wgt': 15}]",https://images.wsj.net/im-175589/social,,,{'facebook': 101},0.2392156862745098,101,76
6029317606,eng,False,2020-04-12,09:48:00,2020-04-12T09:48:00Z,2020-04-12T09:48:00Z,news,0.0,https://www.wsj.com/articles/the-strangest-easter-coronavirus-clamps-down-on-services-across-the-world-11586676340,'The Strangest Easter': Coronavirus Maintains Its Grip as Talk of Reopening Percolates,"As social distancing requirements curbed Easter celebrations around the world, officials warned that early signs of success in slowing the spread of the new coronavirus shouldn't mean a quick lifting of lockdown orders.

The U.S. leads the world in the number of confirmed cases, more than 550,000, and fatalities, more than 21,700, according to data from Johns Hopkins University. Globally, the number of confirmed coronavirus cases topped 1.8 million on Sunday. ...","{'uri': 'wsj.com', 'dataType': 'news', 'title': 'The Wall Street Journal'}","[{'uri': 'mike_cherney@wsj.com', 'name': 'Mike Cherney', 'type': 'author', 'isAgency': False}]","[{'uri': 'http://en.wikipedia.org/wiki/Coronavirus', 'type': 'wiki', 'score': 3, 'label': {'eng': 'Coronavirus'}}, {'uri': 'http://en.wikipedia.org/wiki/Cathedral', 'type': 'wiki', 'score': 3, 'label': {'eng': 'Cathedral'}}, {'uri': 'http://en.wikipedia.org/wiki/Infection', 'type': 'wiki', 'score': 3, 'label': {'eng': 'Infection'}}, {'uri': 'http://en.wikipedia.org/wiki/Johns_Hopkins_University', 'type': 'org', 'score': 2, 'label': {'eng': 'Johns Hopkins University'}}, {'uri': 'http://en.wikipedia.org/wiki/United_States', 'type': 'loc', 'score': 2, 'label': {'eng': 'United States'}, 'location': {'type': 'country', 'label': {'eng': 'United States'}}}]","[{'uri': 'dmoz/Science/Math/Number_Theory', 'label': 'dmoz/Science/Math/Number Theory', 'wgt': 13}, {'uri': 'dmoz/Science/Earth_Sciences/Data_Centers', 'label': 'dmoz/Science/Earth Sciences/Data Centers', 'wgt': 12}, {'uri': 'dmoz/Health/Public_Health_and_Safety/Statistics', 'label': 'dmoz/Health/Public Health and Safety/Statistics', 'wgt': 12}]",https://images.wsj.net/im-175461/social,,,{'facebook': 85},-0.2470588235294118,85,52
6029668692,eng,False,2020-04-12,17:39:00,2020-04-12T17:39:00Z,2020-04-12T17:39:00Z,news,0.0,https://www.wsj.com/articles/looking-for-a-job-big-tech-is-still-hiring-11586712423,Looking for a Job? Big Tech Is Still Hiring,"The biggest players in tech are hoovering up talent in the midst of the coronavirus pandemic.

As some of Silicon Valley's most-promising startups lay off workers and others freeze hiring, established companies including Apple Inc., Alphabet Inc.'s Google and Amazon.com Inc. are pursuing software engineers, data scientists, product designers and others. Facebook Inc. says usage has spiked during the coronavirus crisis and it is committed to policing platforms ahead of the 2020 presidential election, so it will hire more than...","{'uri': 'wsj.com', 'dataType': 'news', 'title': 'The Wall Street Journal'}","[{'uri': 'patrick_thomas@wsj.com', 'name': 'Patrick Thomas', 'type': 'author', 'isAgency': False}, {'uri': 'chip_cutter@wsj.com', 'name': 'Chip Cutter', 'type': 'author', 'isAgency': False}]","[{'uri': 'http://en.wikipedia.org/wiki/Coronavirus', 'type': 'wiki', 'score': 3, 'label': {'eng': 'Coronavirus'}}, {'uri': 'http://en.wikipedia.org/wiki/Alphabet_Inc.', 'type': 'org', 'score': 3, 'label': {'eng': 'Alphabet Inc.'}}, {'uri': 'http://en.wikipedia.org/wiki/Silicon_Valley', 'type': 'loc', 'score': 3, 'label': {'eng': 'Silicon Valley'}, 'location': None}, {'uri': 'http://en.wikipedia.org/wiki/Startup_company', 'type': 'wiki', 'score': 3, 'label': {'eng': 'Startup company'}}, {'uri': 'http://en.wikipedia.org/wiki/Apple_Inc.', 'type': 'org', 'score': 3, 'label': {'eng': 'Apple Inc.'}}, {'uri': 'http://en.wikipedia.org/wiki/Facebook,_Inc.', 'type': 'org', 'score': 2, 'label': {'eng': 'Facebook, Inc.'}}, {'uri': 'http://en.wikipedia.org/wiki/Amazon_(company)', 'type': 'org', 'score': 2, 'label': {'eng': 'Amazon (company)'}}, {'uri': 'http://en.wikipedia.org/wiki/Data_science', 'type': 'wiki', 'score': 2, 'label': {'eng': 'Data science'}}, {'uri': 'http://en.wikipedia.org/wiki/Google', 'type': 'org', 'score': 2, 'label': {'eng': 'Google'}}, {'uri': 'http://en.wikipedia.org/wiki/Software', 'type': 'wiki', 'score': 2, 'label': {'eng': 'Software'}}, {'uri': 'http://en.wikipedia.org/wiki/2020_United_States_presidential_election', 'type': 'wiki', 'score': 1, 'label': {'eng': '2020 United States presidential election'}}]","[{'uri': 'dmoz/Computers/Companies', 'label': 'dmoz/Computers/Companies', 'wgt': 11}, {'uri': 'dmoz/Science/Technology/Software_for_Engineering', 'label': 'dmoz/Science/Technology/Software for Engineering', 'wgt': 11}, {'uri': 'dmoz/Computers/Software/Software_Engineering', 'label': 'dmoz/Computers/Software/Software Engineering', 'wgt': 10}, {'uri': 'news/Technology', 'label': 'news/Technology', 'wgt': 69}]",https://images.wsj.net/im-175498/social,,,{'facebook': 78},0.2470588235294118,78,52
6029762938,eng,False,2020-04-12,20:04:00,2020-04-12T20:04:00Z,2020-04-12T20:04:00Z,news,0.5411764979362488,https://www.wsj.com/articles/congo-faces-ebola-setback-as-coronavirus-bears-down-11586717997,Congo Faces Ebola Setback as Coronavirus Bears Down,"Modeste Bakwanamaha was expecting to spend Easter Sunday leading the Democratic Republic of Congo in celebration as he formally declared the end of the world's second-most-deadly Ebola outbreak.

Instead, the mayor of Beni, the town at the epicenter of a two-year battle against a disease that has left almost 2,300 people dead, spent his day visiting the bodies of the first new Ebola victims in almost two months at a clinic that has already been repurposed for fighting a new enemy: coronavirus....","{'uri': 'wsj.com', 'dataType': 'news', 'title': 'The Wall Street Journal'}","[{'uri': 'nicholas_bariyo@wsj.com', 'name': 'Nicholas Bariyo', 'type': 'author', 'isAgency': False}, {'uri': 'joe_parkinson@wsj.com', 'name': 'Joe Parkinson', 'type': 'author', 'isAgency': False}]","[{'uri': 'http://en.wikipedia.org/wiki/Western_African_Ebola_virus_epidemic', 'type': 'wiki', 'score': 3, 'label': {'eng': 'Western African Ebola virus epidemic'}}, {'uri': 'http://en.wikipedia.org/wiki/Beni,_Democratic_Republic_of_the_Congo', 'type': 'loc', 'score': 3, 'label': {'eng': 'Beni, Democratic Republic of the Congo'}, 'location': {'type': 'place', 'label': {'eng': 'Beni, Democratic Republic of the Congo'}, 'country': {'type': 'country', 'label': {'eng': 'Democratic Republic of the Congo'}}}}, {'uri': 'http://en.wikipedia.org/wiki/Easter', 'type': 'wiki', 'score': 3, 'label': {'eng': 'Easter'}}, {'uri': 'http://en.wikipedia.org/wiki/End_time', 'type': 'wiki', 'score': 3, 'label': {'eng': 'End time'}}, {'uri': 'http://en.wikipedia.org/wiki/Mayor', 'type': 'wiki', 'score': 3, 'label': {'eng': 'Mayor'}}, {'uri': 'http://en.wikipedia.org/wiki/Democratic_Republic_of_the_Congo', 'type': 'loc', 'score': 3, 'label': {'eng': 'Democratic Republic of the Congo'}, 'location': {'type': 'country', 'label': {'eng': 'Democratic Republic of the Congo'}}}, {'uri': 'http://en.wikipedia.org/wiki/Ebola_virus_disease', 'type': 'wiki', 'score': 2, 'label': {'eng': 'Ebola virus disease'}}, {'uri': 'http://en.wikipedia.org/wiki/Coronavirus', 'type': 'wiki', 'score': 1, 'label': {'eng': 'Coronavirus'}}]",[],https://images.wsj.net/im-175528/social,eng-5679260,,{'facebook': 73},-0.4666666666666667,73,2
6029668693,eng,False,2020-04-12,17:39:00,2020-04-12T17:39:00Z,2020-04-12T17:39:00Z,news,0.6196078658103943,https://www.wsj.com/articles/ford-and-gm-try-mass-producing-ventilators-can-they-move-fast-enough-11586711800,Auto Giants Trade Drills for Tweezers in Bid to Rush Coronavirus Ventilators,"Assembly-line workers at America's largest auto makers, ordered to turn their skills from vehicles to ventilators, must first master tweezers and tiny screwdrivers.

That is one of the many steps ahead in the race to convert car plants to medical-supply factories before the coronavirus pandemic reaches its peak in the U.S. General Motors Co. and Ford Motor Co. hope to head off a shortage of the lifesaving machines but have only weeks to deliver them....","{'uri': 'wsj.com', 'dataType': 'news', 'title': 'The Wall Street Journal'}","[{'uri': 'mike_colias@wsj.com', 'name': 'Mike Colias', 'type': 'author', 'isAgency': False}]","[{'uri': 'http://en.wikipedia.org/wiki/Coronavirus', 'type': 'wiki', 'score': 5, 'label': {'eng': 'Coronavirus'}}, {'uri': 'http://en.wikipedia.org/wiki/Medical_ventilator', 'type': 'wiki', 'score': 5, 'label': {'eng': 'Medical ventilator'}}, {'uri': 'http://en.wikipedia.org/wiki/General_Motors', 'type': 'org', 'score': 5, 'label': {'eng': 'General Motors'}}, {'uri': 'http://en.wikipedia.org/wiki/The_Wall_Street_Journal', 'type': 'org', 'score': 5, 'label': {'eng': 'The Wall Street Journal'}}, {'uri': 'http://en.wikipedia.org/wiki/Ford_Motor_Company', 'type': 'org', 'score': 5, 'label': {'eng': 'Ford Motor Company'}}, {'uri': 'http://en.wikipedia.org/wiki/United_States', 'type': 'loc', 'score': 5, 'label': {'eng': 'United States'}, 'location': {'type': 'country', 'label': {'eng': 'United States'}}}, {'uri': 'http://en.wikipedia.org/wiki/General_Electric', 'type': 'org', 'score': 4, 'label': {'eng': 'General Electric'}}, {'uri': 'http://en.wikipedia.org/wiki/Screwdriver', 'type': 'wiki', 'score': 4, 'label': {'eng': 'Screwdriver'}}, {'uri': 'http://en.wikipedia.org/wiki/Supply_chain', 'type': 'wiki', 'score': 4, 'label': {'eng': 'Supply chain'}}, {'uri': 'http://en.wikipedia.org/wiki/Pandemic', 'type': 'wiki', 'score': 4, 'label': {'eng': 'Pandemic'}}, {'uri': 'http://en.wikipedia.org/wiki/Lung', 'type': 'wiki', 'score': 4, 'label': {'eng': 'Lung'}}, {'uri': 'http://en.wikipedia.org/wiki/Hospital', 'type': 'wiki', 'score': 4, 'label': {'eng': 'Hospital'}}, {'uri': 'http://en.wikipedia.org/wiki/Engineering', 'type': 'wiki', 'score': 4, 'label': {'eng': 'Engineering'}}, {'uri': 'http://en.wikipedia.org/wiki/Dearborn,_Michigan', 'type': 'loc', 'score': 4, 'label': {'eng': 'Dearborn, Michigan'}, 'location': {'type': 'place', 'label': {'eng': 'Dearborn, Michigan'}, 'country': {'type': 'country', 'label': {'eng': 'United States'}}}}, {'uri': 'http://en.wikipedia.org/wiki/Presidency_of_Donald_Trump', 'type': 'wiki', 'score': 3, 'label': {'eng': 'Presidency of Donald Trump'}}, {'uri': 'http://en.wikipedia.org/wiki/Car', 'type': 'wiki', 'score': 3, 'label': {'eng': 'Car'}}, {'uri': 'http://en.wikipedia.org/wiki/New_York_(state)', 'type': 'loc', 'score': 3, 'label': {'eng': 'New York (state)'}, 'location': None}, {'uri': 'http://en.wikipedia.org/wiki/Consolidated_B-24_Liberator', 'type': 'wiki', 'score': 3, 'label': {'eng': 'Consolidated B-24 Liberator'}}, {'uri': 'http://en.wikipedia.org/wiki/Ford_Bronco', 'type': 'wiki', 'score': 3, 'label': {'eng': 'Ford Bronco'}}, {'uri': 'http://en.wikipedia.org/wiki/Plaster', 'type': 'wiki', 'score': 3, 'label': {'eng': 'Plaster'}}, {'uri': 'http://en.wikipedia.org/wiki/Latex', 'type': 'wiki', 'score': 3, 'label': {'eng': 'Latex'}}, {'uri': 'http://en.wikipedia.org/wiki/Fiat_Chrysler_Automobiles', 'type': 'org', 'score': 3, 'label': {'eng': 'Fiat Chrysler Automobiles'}}, {'uri': 'http://en.wikipedia.org/wiki/Philips', 'type': 'org', 'score': 3, 'label': {'eng': 'Philips'}}, {'uri': 'http://en.wikipedia.org/wiki/Glove', 'type': 'wiki', 'score': 3, 'label': {'eng': 'Glove'}}, {'uri': 'http://en.wikipedia.org/wiki/Tank', 'type': 'wiki', 'score': 3, 'label': {'eng': 'Tank'}}, {'uri': 'http://en.wikipedia.org/wiki/Andrew_Cuomo', 'type': 'person', 'score': 3, 'label': {'eng': 'Andrew Cuomo'}}, {'uri': 'http://en.wikipedia.org/wiki/Valve', 'type': 'wiki', 'score': 3, 'label': {'eng': 'Valve'}}, {'uri': 'http://en.wikipedia.org/wiki/Printed_circuit_board', 'type': 'wiki', 'score': 3, 'label': {'eng': 'Printed circuit board'}}, {'uri': 'http://en.wikipedia.org/wiki/Bomber', 'type': 'wiki', 'score': 3, 'label': {'eng': 'Bomber'}}, {'uri': 'http://en.wikipedia.org/wiki/Sport_utility_vehicle', 'type': 'wiki', 'score': 3, 'label': {'eng': 'Sport utility vehicle'}}, {'uri': 'http://en.wikipedia.org/wiki/Toyota', 'type': 'org', 'score': 3, 'label': {'eng': 'Toyota'}}, {'uri': 'http://en.wikipedia.org/wiki/Donald_Trump', 'type': 'person', 'score': 3, 'label': {'eng': 'Donald Trump'}}, {'uri': 'http://en.wikipedia.org/wiki/Nevada', 'type': 'loc', 'score': 3, 'label': {'eng': 'Nevada'}, 'location': {'type': 'place', 'label': {'eng': 'Nevada'}, 'country': {'type': 'country', 'label': {'eng': 'United States'}}}}, {'uri': 'http://en.wikipedia.org/wiki/Kokomo,_Indiana', 'type': 'loc', 'score': 3, 'label': {'eng': 'Kokomo, Indiana'}, 'location': {'type': 'place', 'label': {'eng': 'Kokomo, Indiana'}, 'country': {'type': 'country', 'label': {'eng': 'United States'}}}}, {'uri': 'http://en.wikipedia.org/wiki/United_Auto_Workers', 'type': 'org', 'score': 2, 'label': {'eng': 'United Auto Workers'}}, {'uri': 'http://en.wikipedia.org/wiki/Mary_Barra', 'type': 'person', 'score': 2, 'label': {'eng': 'Mary Barra'}}, {'uri': 'http://en.wikipedia.org/wiki/Midwestern_United_States', 'type': 'loc', 'score': 2, 'label': {'eng': 'Midwestern United States'}, 'location': None}, {'uri': 'http://en.wikipedia.org/wiki/Seattle', 'type': 'loc', 'score': 2, 'label': {'eng': 'Seattle'}, 'location': {'type': 'place', 'label': {'eng': 'Seattle'}, 'country': {'type': 'country', 'label': {'eng': 'United States'}}}}, {'uri': 'http://en.wikipedia.org/wiki/Ypsilanti,_Michigan', 'type': 'loc', 'score': 2, 'label': {'eng': 'Ypsilanti, Michigan'}, 'location': {'type': 'place', 'label': {'eng': 'Ypsilanti, Michigan'}, 'country': {'type': 'country', 'label': {'eng': 'United States'}}}}, {'uri': 'http://en.wikipedia.org/wiki/Florida', 'type': 'loc', 'score': 2, 'label': {'eng': 'Florida'}, 'location': {'type': 'place', 'label': {'eng': 'Florida'}, 'country': {'type': 'country', 'label': {'eng': 'United States'}}}}, {'uri': 'http://en.wikipedia.org/wiki/Tenneco', 'type': 'org', 'score': 1, 'label': {'eng': 'Tenneco'}}, {'uri': 'http://en.wikipedia.org/wiki/Dow_Jones_&_Company', 'type': 'org', 'score': 1, 'label': {'eng': 'Dow Jones & Company'}}, {'uri': 'http://en.wikipedia.org/wiki/Minneapolis', 'type': 'loc', 'score': 1, 'label': {'eng': 'Minneapolis'}, 'location': {'type': 'place', 'label': {'eng': 'Minneapolis'}, 'country': {'type': 'country', 'label': {'eng': 'United States'}}}}]","[{'uri': 'dmoz/Business', 'label': 'dmoz/Business', 'wgt': 17}, {'uri': 'dmoz/Business/Industrial_Goods_and_Services', 'label': 'dmoz/Business/Industrial Goods and Services', 'wgt': 19}, {'uri': 'dmoz/Shopping/Vehicles/Autos', 'label': 'dmoz/Shopping/Vehicles/Autos', 'wgt': 16}, {'uri': 'dmoz/Business/Automotive/Parts_and_Accessories', 'label': 'dmoz/Business/Automotive/Parts and Accessories', 'wgt': 16}, {'uri': 'dmoz/Shopping/Vehicles/Parts_and_Accessories', 'label': 'dmoz/Shopping/Vehicles/Parts and Accessories', 'wgt': 16}, {'uri': 'news/Business', 'label': 'news/Business', 'wgt': 87}]",https://images.wsj.net/im-175225/social,eng-5688055,,{'facebook': 58},-0.003921568627450966,58,101
6030277607,eng,False,2020-04-13,09:14:00,2020-04-13T09:14:00Z,2020-04-13T09:13:00Z,news,0.0,https://www.wsj.com/articles/as-virtual-happy-hours-get-old-employers-seek-fresh-ways-to-engage-remote-workers-11586290987,"As Virtual Happy Hours Get Old, Employers Seek Fresh Ways to Engage Remote Workers ","The employee experience takes on new importance when no one can go to work By Ann-Marie Alc√°ntara April 7, 2020 4:23 pm ET

As it enters its sixth week of working from home, Handshake, a job-search company for college students, is escalating its efforts to keep employees engaged during the coronavirus pandemic.

A companywide virtual talent show is scheduled for Friday, with a trivia night to follow. The company also has complemented its usual Tuesday all-hands videoconferences with new ""Ask Me Anything"" video sessions on Fridays.

""At the beginning of work from home, there was energy around 'Hey this is new, this is different, let's all dive into this,'"" said Ben Christensen, vice president of people and co-founder at Handshake, which has the legal name Stryder Corp. ""Now that it's been a while, some of the fatigue is setting in for folks.""

""We do have to constantly keep looking -- what is the next thing we can add, what's the new one, 'Oh, this isn't working anymore, how do we adjust,'"" Mr. Christensen said.

Newsletter Sign-up The Experience Report

Get weekly insights into the ways companies optimize data, technology and design to drive success with their customers and employees.

PREVIEW

SUBSCRIBE

Handshake is based in San Francisco, where authorities last week extended their stay-at-home order for nonessential workers through May 3. California is operating under a similar statewide order without an end date.

As many companies start to contemplate working from home for a few more weeks at least, they are trying to find strategies beyond virtual happy hours to keep their workers feeling connected. Employees' experiences at work affect business results, executives say -- including, and perhaps especially, when nobody can actually go to work.

Companies should be flexible on deadlines and other matters, offer useful perks such as gift cards to local restaurants that deliver, and communicate as much as possible without making everything a video call, said Roberta Matuson, an executive coach.

She added that the current situation will eventually pass and people will remember how their managers dealt with it.

""How good a job you do leading right now through this crisis will have an impact on your career,"" Ms. Matuson said. ""There will be a time when the organization comes back together and people will assess who are the leaders that did really well through this crisis and who didn't.""

Virtual team lunches

When North 6th Agency Inc., a New York-based public-relations firm, started working from home on March 13, it made its weekly team lunches virtual -- with meals delivered to employees' homes instead of the office.

A culture committee is coming up with other activities, such as a virtual book club and a shared music playlist to keep employees engaged, said Nina Velasquez, executive vice president of talent development.

""We're doing everything we can to make sure interactions are constant,"" Ms. Velasquez said.

New York state on Monday extended its work-from-home order through April 29.

Yotpo Inc., a provider of e-commerce tools based in New York, has tried yoga classes, story time for parents with children and a Slack channel for puppy photos since its work from home began March 11.

It still does happy hours, but instead of just drinking together over video, co-workers use the sessions to show off other skills, even performing mini concerts.

The company is soliciting feedback from employees to see what's working and what's not. One finding so far: Employees are interested in learning more about nutrition.

""We're all kinda finding the new norm,"" said Stevie Cogan, director of people at Yotpo.

Marketing and advertising agency Sid Lee is taking a different approach. In addition to using videoconferencing software to hold yoga and exercise classes, it has started a private Instagram account with tips and resources on how to set up to working from home.

The Instagram account also serves as a place where the agency can test different creative ideas. And some of the work-from-home guides have migrated to the company's public Instagram account. Agency executives are now thinking about offering some of the content to clients or adapting it to their specific needs.

""We were looking for something that was natural and a departure from sitting in front of your computer,"" said Vito Piazza, group president at Sid Lee.

Write to Ann-Marie Alc√°ntara at ann-marie.alcantara@wsj.com

More

Customer Calls to Companies Rise Amid Coronavirus, but Operators Aren't Standing By March 29, 2020 Why Companies Are Adding Their First Chief Experience Officers March 25, 2020 Coronavirus Emails From Companies May Not Be Calming Customers March 23, 2020

Copyright ¬©2019 Dow Jones & Company, Inc. All Rights Reserved. 87990cbe856818d5eddac44c7b1cdeb8","{'uri': 'wsj.com', 'dataType': 'news', 'title': 'The Wall Street Journal'}","[{'uri': 'ann_marie_alcantara@wsj.com', 'name': 'Ann-Marie Alc√°ntara', 'type': 'author', 'isAgency': False}]","[{'uri': 'http://en.wikipedia.org/wiki/Videotelephony', 'type': 'wiki', 'score': 4, 'label': {'eng': 'Videotelephony'}}, {'uri': 'http://en.wikipedia.org/wiki/Telecommuting', 'type': 'wiki', 'score': 4, 'label': {'eng': 'Telecommuting'}}, {'uri': 'http://en.wikipedia.org/wiki/Coronavirus', 'type': 'wiki', 'score': 3, 'label': {'eng': 'Coronavirus'}}, {'uri': 'http://en.wikipedia.org/wiki/Trivia', 'type': 'wiki', 'score': 3, 'label': {'eng': 'Trivia'}}, {'uri': 'http://en.wikipedia.org/wiki/Gift_card', 'type': 'wiki', 'score': 3, 'label': {'eng': 'Gift card'}}, {'uri': 'http://en.wikipedia.org/wiki/Pandemic', 'type': 'wiki', 'score': 3, 'label': {'eng': 'Pandemic'}}, {'uri': 'http://en.wikipedia.org/wiki/Vice_President_of_the_United_States', 'type': 'wiki', 'score': 3, 'label': {'eng': 'Vice President of the United States'}}, {'uri': 'http://en.wikipedia.org/wiki/Reddit', 'type': 'org', 'score': 3, 'label': {'eng': 'Reddit'}}, {'uri': 'http://en.wikipedia.org/wiki/Restaurant', 'type': 'wiki', 'score': 3, 'label': {'eng': 'Restaurant'}}, {'uri': 'http://en.wikipedia.org/wiki/San_Francisco', 'type': 'loc', 'score': 3, 'label': {'eng': 'San Francisco'}, 'location': {'type': 'place', 'label': {'eng': 'San Francisco'}, 'country': {'type': 'country', 'label': {'eng': 'United States'}}}}, {'uri': 'http://en.wikipedia.org/wiki/California', 'type': 'loc', 'score': 3, 'label': {'eng': 'California'}, 'location': {'type': 'place', 'label': {'eng': 'California'}, 'country': {'type': 'country', 'label': {'eng': 'United States'}}}}, {'uri': 'http://en.wikipedia.org/wiki/New_York_(state)', 'type': 'loc', 'score': 2, 'label': {'eng': 'New York (state)'}, 'location': None}, {'uri': 'http://en.wikipedia.org/wiki/Sid_Lee', 'type': 'org', 'score': 2, 'label': {'eng': 'Sid Lee'}}, {'uri': 'http://en.wikipedia.org/wiki/Virtual_team', 'type': 'wiki', 'score': 2, 'label': {'eng': 'Virtual team'}}, {'uri': 'http://en.wikipedia.org/wiki/Playlist', 'type': 'wiki', 'score': 2, 'label': {'eng': 'Playlist'}}, {'uri': 'http://en.wikipedia.org/wiki/Slack_(software)', 'type': 'org', 'score': 2, 'label': {'eng': 'Slack (software)'}}, {'uri': 'http://en.wikipedia.org/wiki/Advertising_agency', 'type': 'wiki', 'score': 2, 'label': {'eng': 'Advertising agency'}}, {'uri': 'http://en.wikipedia.org/wiki/Vice_president', 'type': 'wiki', 'score': 2, 'label': {'eng': 'Vice president'}}, {'uri': 'http://en.wikipedia.org/wiki/Nutrition', 'type': 'wiki', 'score': 2, 'label': {'eng': 'Nutrition'}}, {'uri': 'http://en.wikipedia.org/wiki/E-commerce', 'type': 'wiki', 'score': 2, 'label': {'eng': 'E-commerce'}}, {'uri': 'http://en.wikipedia.org/wiki/Marketing', 'type': 'wiki', 'score': 2, 'label': {'eng': 'Marketing'}}, {'uri': 'http://en.wikipedia.org/wiki/Software', 'type': 'wiki', 'score': 2, 'label': {'eng': 'Software'}}, {'uri': 'http://en.wikipedia.org/wiki/Public_relations', 'type': 'wiki', 'score': 2, 'label': {'eng': 'Public relations'}}, {'uri': 'http://en.wikipedia.org/wiki/Instagram', 'type': 'org', 'score': 2, 'label': {'eng': 'Instagram'}}, {'uri': 'http://en.wikipedia.org/wiki/Yoga', 'type': 'wiki', 'score': 2, 'label': {'eng': 'Yoga'}}, {'uri': 'http://en.wikipedia.org/wiki/New_York_City', 'type': 'loc', 'score': 2, 'label': {'eng': 'New York City'}, 'location': {'type': 'place', 'label': {'eng': 'New York City'}, 'country': {'type': 'country', 'label': {'eng': 'United States'}}}}, {'uri': 'http://en.wikipedia.org/wiki/Dow_Jones_&_Company', 'type': 'org', 'score': 1, 'label': {'eng': 'Dow Jones & Company'}}, {'uri': 'http://en.wikipedia.org/wiki/The_Wall_Street_Journal', 'type': 'org', 'score': 1, 'label': {'eng': 'The Wall Street Journal'}}]","[{'uri': 'dmoz/Society/Work', 'label': 'dmoz/Society/Work', 'wgt': 29}, {'uri': 'dmoz/Business/Human_Resources/Employee_Relations', 'label': 'dmoz/Business/Human Resources/Employee Relations', 'wgt': 25}, {'uri': 'dmoz/Society/Work/Rethinking_Work', 'label': 'dmoz/Society/Work/Rethinking Work', 'wgt': 25}, {'uri': 'dmoz/Society/Work/Work_and_Family', 'label': 'dmoz/Society/Work/Work and Family', 'wgt': 23}, {'uri': 'dmoz/Society/Work/Telecommuting', 'label': 'dmoz/Society/Work/Telecommuting', 'wgt': 23}, {'uri': 'news/Business', 'label': 'news/Business', 'wgt': 73}]",https://images.wsj.net/im-173863/social,,,{'facebook': 57},0.2,57,52
6029648196,eng,False,2020-04-12,17:09:00,2020-04-12T17:09:00Z,2020-04-12T17:09:00Z,news,0.0,https://www.wsj.com/articles/in-new-jersey-coronavirus-hot-spot-a-volunteer-ems-crew-works-alone-11586710800,"In New Jersey Coronavirus Hot Spot, a Volunteer EMS Crew Works Alone ","On emergency call after emergency call, Teaneck Volunteer Ambulance Corps member C.J. Levin transported Covid-19 patients, knowing each interaction increased his risk.

The 25-year-old emergency medical technician worried about infecting his parents, whom he lived with in Teaneck, the center of New Jersey's coronavirus crisis. But just as he was packing a bag and planning to move out of their home on March 18, he came down with body aches and a fever. He got tested that day, and the results came back positive....","{'uri': 'wsj.com', 'dataType': 'news', 'title': 'The Wall Street Journal'}","[{'uri': 'joseph_de_avila@wsj.com', 'name': 'Joseph De Avila', 'type': 'author', 'isAgency': False}]","[{'uri': 'http://en.wikipedia.org/wiki/Emergency_telephone_number', 'type': 'wiki', 'score': 5, 'label': {'eng': 'Emergency telephone number'}}, {'uri': 'http://en.wikipedia.org/wiki/Teaneck,_New_Jersey', 'type': 'loc', 'score': 4, 'label': {'eng': 'Teaneck, New Jersey'}, 'location': {'type': 'place', 'label': {'eng': 'Teaneck, New Jersey'}, 'country': {'type': 'country', 'label': {'eng': 'United States'}}}}, {'uri': 'http://en.wikipedia.org/wiki/Coronavirus', 'type': 'wiki', 'score': 3, 'label': {'eng': 'Coronavirus'}}, {'uri': 'http://en.wikipedia.org/wiki/Emergency_medical_technician', 'type': 'wiki', 'score': 3, 'label': {'eng': 'Emergency medical technician'}}, {'uri': 'http://en.wikipedia.org/wiki/New_Jersey', 'type': 'loc', 'score': 2, 'label': {'eng': 'New Jersey'}, 'location': {'type': 'place', 'label': {'eng': 'New Jersey'}, 'country': {'type': 'country', 'label': {'eng': 'United States'}}}}, {'uri': 'http://en.wikipedia.org/wiki/Fever', 'type': 'wiki', 'score': 1, 'label': {'eng': 'Fever'}}]","[{'uri': 'dmoz/Business/Telecommunications/Call_Centers', 'label': 'dmoz/Business/Telecommunications/Call Centers', 'wgt': 15}, {'uri': 'dmoz/Home/Emergency_Preparation', 'label': 'dmoz/Home/Emergency Preparation', 'wgt': 15}, {'uri': 'dmoz/Home/Moving_and_Relocating', 'label': 'dmoz/Home/Moving and Relocating', 'wgt': 12}, {'uri': 'dmoz/Home/Moving_and_Relocating/Moving', 'label': 'dmoz/Home/Moving and Relocating/Moving', 'wgt': 13}, {'uri': 'dmoz/Health/Occupational_Health_and_Safety/Emergency_Preparedness', 'label': 'dmoz/Health/Occupational Health and Safety/Emergency Preparedness', 'wgt': 19}]",https://images.wsj.net/im-175041/social,,,{'facebook': 49},-0.3411764705882353,49,52
6029472198,eng,False,2020-04-12,13:12:00,2020-04-12T13:12:00Z,2020-04-12T13:12:00Z,news,0.0,https://www.wsj.com/articles/coronavirus-scars-might-weaken-economy-for-years-to-come-11586696401,Coronavirus Scars Might Weaken Economy for Years to Come  ,"The coronavirus pandemic will eventually be behind us, maybe soon, maybe not. Either way, the scars will long persist for an entire generation of investors and future managers now living through what is rapidly becoming the deepest downturn since World War II.

Investors in their formative years have just discovered that stocks come with big risks attached. Unless there is a rapid recovery -- the V-shaped economic bounce many are hoping for -- these investors could take 2020 as their reference point for bad news and have a lower...","{'uri': 'wsj.com', 'dataType': 'news', 'title': 'The Wall Street Journal'}","[{'uri': 'james_mackintosh@wsj.com', 'name': 'James Mackintosh', 'type': 'author', 'isAgency': False}]","[{'uri': 'http://en.wikipedia.org/wiki/Coronavirus', 'type': 'wiki', 'score': 4, 'label': {'eng': 'Coronavirus'}}, {'uri': 'http://en.wikipedia.org/wiki/Pandemic', 'type': 'wiki', 'score': 4, 'label': {'eng': 'Pandemic'}}, {'uri': 'http://en.wikipedia.org/wiki/World_War_II', 'type': 'wiki', 'score': 2, 'label': {'eng': 'World War II'}}]","[{'uri': 'dmoz/Business/Investing', 'label': 'dmoz/Business/Investing', 'wgt': 14}, {'uri': 'dmoz/Business/Investing/Stocks_and_Bonds', 'label': 'dmoz/Business/Investing/Stocks and Bonds', 'wgt': 15}, {'uri': 'dmoz/Home/Personal_Finance/Investing', 'label': 'dmoz/Home/Personal Finance/Investing', 'wgt': 15}]",https://images.wsj.net/im-175202/social,,,{'facebook': 46},-0.2627450980392156,46,76
6029690958,eng,False,2020-04-12,18:14:00,2020-04-12T18:14:00Z,2020-04-12T18:14:00Z,news,0.0,https://www.wsj.com/articles/the-employer-will-test-you-now-11586714684,Opinion | The Employer Will Test You Now,"Reopening the economy will depend on companies diagnosing coronavirus cases in the workplace.

The intense measures and restrictions to combat Covid-19 are a necessary hardship to prevent a wider and more devastating epidemic. But even after the epidemic subsides, the virus will remain a threat until there is an effective vaccine. America needs a plan to reduce that threat, and business leaders can play a big part.

As essential employees return to work, perhaps as early as May, employers can offer screening at their place of business. Rapid diagnosis and containment will be a critical part of limiting spread. Bringing...","{'uri': 'wsj.com', 'dataType': 'news', 'title': 'The Wall Street Journal'}","[{'uri': 'scott_gottlieb@wsj.com', 'name': 'Scott Gottlieb', 'type': 'author', 'isAgency': False}, {'uri': 'lauren_silvis@wsj.com', 'name': 'Lauren Silvis', 'type': 'author', 'isAgency': False}]","[{'uri': 'http://en.wikipedia.org/wiki/Coronavirus', 'type': 'wiki', 'score': 4, 'label': {'eng': 'Coronavirus'}}, {'uri': 'http://en.wikipedia.org/wiki/Epidemic', 'type': 'wiki', 'score': 4, 'label': {'eng': 'Epidemic'}}, {'uri': 'http://en.wikipedia.org/wiki/Virus', 'type': 'wiki', 'score': 3, 'label': {'eng': 'Virus'}}, {'uri': 'http://en.wikipedia.org/wiki/Vaccine', 'type': 'wiki', 'score': 2, 'label': {'eng': 'Vaccine'}}]","[{'uri': 'dmoz/Society/Work', 'label': 'dmoz/Society/Work', 'wgt': 13}, {'uri': 'dmoz/Business/Small_Business', 'label': 'dmoz/Business/Small Business', 'wgt': 12}, {'uri': 'dmoz/Business/Human_Resources/Employee_Relations', 'label': 'dmoz/Business/Human Resources/Employee Relations', 'wgt': 14}, {'uri': 'dmoz/Business/Small_Business/Business_Plans', 'label': 'dmoz/Business/Small Business/Business Plans', 'wgt': 12}, {'uri': 'dmoz/Society/Work/Workplace_Spirituality', 'label': 'dmoz/Society/Work/Workplace Spirituality', 'wgt': 13}]",https://images.wsj.net/im-175491/social,,,{'facebook': 44},-0.207843137254902,44,76
6030469035,eng,False,2020-04-13,12:25:00,2020-04-13T12:25:00Z,2020-04-13T12:24:00Z,news,0.6901960968971252,https://www.wsj.com/articles/united-delta-weigh-selling-miles-early-to-raise-cash-in-coronavirus-crisis-11586779535,"United, Delta Weigh Selling Miles Early to Raise Cash in Coronavirus Crisis","U.S. airlines have mortgaged gates, flight paths and just about any asset they could find in the back of a hangar to weather the coronavirus crisis. Now, they are considering selling miles in bulk to their credit-card partners to raise cash.

United Airlines Holdings Inc. and Delta Air Lines Inc. and their respective credit-card partners, JPMorgan Chase & Co. and American Express Co., have discussed unloading miles ahead of schedule and for less than the lenders would ordinarily pay, according to people familiar with the...","{'uri': 'wsj.com', 'dataType': 'news', 'title': 'The Wall Street Journal'}","[{'uri': 'alison_sider@wsj.com', 'name': 'Alison Sider', 'type': 'author', 'isAgency': False}, {'uri': 'annamaria_andriotis@wsj.com', 'name': 'AnnaMaria Andriotis', 'type': 'author', 'isAgency': False}, {'uri': 'david_benoit@wsj.com', 'name': 'David Benoit', 'type': 'author', 'isAgency': False}]","[{'uri': 'http://en.wikipedia.org/wiki/Mortgage_loan', 'type': 'wiki', 'score': 4, 'label': {'eng': 'Mortgage loan'}}, {'uri': 'http://en.wikipedia.org/wiki/Airline', 'type': 'wiki', 'score': 4, 'label': {'eng': 'Airline'}}, {'uri': 'http://en.wikipedia.org/wiki/Coronavirus', 'type': 'wiki', 'score': 3, 'label': {'eng': 'Coronavirus'}}, {'uri': 'http://en.wikipedia.org/wiki/Credit_card', 'type': 'wiki', 'score': 3, 'label': {'eng': 'Credit card'}}, {'uri': 'http://en.wikipedia.org/wiki/United_Airlines_Holdings', 'type': 'wiki', 'score': 2, 'label': {'eng': 'United Airlines Holdings'}}, {'uri': 'http://en.wikipedia.org/wiki/JPMorgan_Chase', 'type': 'org', 'score': 2, 'label': {'eng': 'JPMorgan Chase'}}, {'uri': 'http://en.wikipedia.org/wiki/American_Express', 'type': 'org', 'score': 2, 'label': {'eng': 'American Express'}}, {'uri': 'http://en.wikipedia.org/wiki/Delta_Air_Lines', 'type': 'org', 'score': 2, 'label': {'eng': 'Delta Air Lines'}}]","[{'uri': 'dmoz/Shopping/Gifts/Stationery', 'label': 'dmoz/Shopping/Gifts/Stationery', 'wgt': 16}, {'uri': 'dmoz/Shopping/Toys_and_Games/Trading_Cards', 'label': 'dmoz/Shopping/Toys and Games/Trading Cards', 'wgt': 17}, {'uri': 'dmoz/Recreation/Collecting/Sports', 'label': 'dmoz/Recreation/Collecting/Sports', 'wgt': 16}, {'uri': 'dmoz/Home/Personal_Finance/Money_Management', 'label': 'dmoz/Home/Personal Finance/Money Management', 'wgt': 21}, {'uri': 'dmoz/Shopping/Sports/Trading_Cards', 'label': 'dmoz/Shopping/Sports/Trading Cards', 'wgt': 17}, {'uri': 'news/Business', 'label': 'news/Business', 'wgt': 78}]",https://images.wsj.net/im-175318/social,eng-5684674,,{'facebook': 43},0.08235294117647052,43,52
6029317619,eng,False,2020-04-12,09:48:00,2020-04-12T09:48:00Z,2020-04-12T09:48:00Z,news,0.0,https://www.wsj.com/articles/looming-earnings-season-offers-next-test-for-rebounding-stock-market-11586683802,Looming Earnings Season Offers Next Test for Rebounding Stock Market,"The kickoff of earnings season this week will give investors a first glimpse of the impact of the coronavirus shutdown on corporate profits -- and potentially clues about the outlook for the rest of the year.

Those results will offer a test for a stock market that is attempting to rebound after a bruising selloff. The pandemic is expected to cause a severe economic contraction and a sharp decline in corporate earnings in 2020. What remains unknown is the extent of the damage....","{'uri': 'wsj.com', 'dataType': 'news', 'title': 'The Wall Street Journal'}","[{'uri': 'karen_langley@wsj.com', 'name': 'Karen Langley', 'type': 'author', 'isAgency': False}]","[{'uri': 'http://en.wikipedia.org/wiki/Kickoff_(gridiron_football)', 'type': 'wiki', 'score': 4, 'label': {'eng': 'Kickoff (gridiron football)'}}, {'uri': 'http://en.wikipedia.org/wiki/Coronavirus', 'type': 'wiki', 'score': 3, 'label': {'eng': 'Coronavirus'}}, {'uri': 'http://en.wikipedia.org/wiki/Recession', 'type': 'wiki', 'score': 2, 'label': {'eng': 'Recession'}}, {'uri': 'http://en.wikipedia.org/wiki/Stock_market', 'type': 'wiki', 'score': 2, 'label': {'eng': 'Stock market'}}, {'uri': 'http://en.wikipedia.org/wiki/Pandemic', 'type': 'wiki', 'score': 2, 'label': {'eng': 'Pandemic'}}]","[{'uri': 'dmoz/Science/Social_Sciences/Economics', 'label': 'dmoz/Science/Social Sciences/Economics', 'wgt': 9}, {'uri': 'dmoz/Business/Investing', 'label': 'dmoz/Business/Investing', 'wgt': 10}, {'uri': 'dmoz/Business/Investing/Stocks_and_Bonds', 'label': 'dmoz/Business/Investing/Stocks and Bonds', 'wgt': 14}, {'uri': 'dmoz/Business/Investing/Research_and_Analysis', 'label': 'dmoz/Business/Investing/Research and Analysis', 'wgt': 10}]",https://images.wsj.net/im-174997/social,,,{'facebook': 30},0.0117647058823529,30,52
6029425243,eng,False,2020-04-12,12:10:00,2020-04-12T12:10:00Z,2020-04-12T12:10:00Z,news,0.0,https://www.wsj.com/articles/young-shale-ceo-asks-texas-to-curb-oil-output-as-coronavirus-cuts-prices-11586692837,Young Shale CEO Asks Texas to Curb Oil Output as Coronavirus Cuts Prices ,"One of the youngest chief executives in the American oil patch is slashing spending to survive a crash in crude prices, while trying to convince Texas to curtail output for the first time since the 1970s.

Matt Gallagher, the 37-year-old leader of Parsley Energy Inc., is working to conserve cash and cut drilling to keep costs low at his company as the oil industry faces one of the worst demand drops ever because of the coronavirus pandemic....","{'uri': 'wsj.com', 'dataType': 'news', 'title': 'The Wall Street Journal'}","[{'uri': 'collin_eaton@wsj.com', 'name': 'Collin Eaton', 'type': 'author', 'isAgency': False}]","[{'uri': 'http://en.wikipedia.org/wiki/Oil', 'type': 'wiki', 'score': 3, 'label': {'eng': 'Oil'}}, {'uri': 'http://en.wikipedia.org/wiki/Texas', 'type': 'loc', 'score': 3, 'label': {'eng': 'Texas'}, 'location': {'type': 'place', 'label': {'eng': 'Texas'}, 'country': {'type': 'country', 'label': {'eng': 'United States'}}}}, {'uri': 'http://en.wikipedia.org/wiki/United_States', 'type': 'loc', 'score': 3, 'label': {'eng': 'United States'}, 'location': {'type': 'country', 'label': {'eng': 'United States'}}}, {'uri': 'http://en.wikipedia.org/wiki/Petroleum_industry', 'type': 'wiki', 'score': 2, 'label': {'eng': 'Petroleum industry'}}, {'uri': 'http://en.wikipedia.org/wiki/Coronavirus', 'type': 'wiki', 'score': 1, 'label': {'eng': 'Coronavirus'}}, {'uri': 'http://en.wikipedia.org/wiki/Pandemic', 'type': 'wiki', 'score': 1, 'label': {'eng': 'Pandemic'}}]","[{'uri': 'dmoz/Business/Energy', 'label': 'dmoz/Business/Energy', 'wgt': 14}, {'uri': 'dmoz/Business/Food_and_Related_Products/Fats_and_Oils', 'label': 'dmoz/Business/Food and Related Products/Fats and Oils', 'wgt': 17}, {'uri': 'dmoz/Business/Energy/Oil_and_Gas', 'label': 'dmoz/Business/Energy/Oil and Gas', 'wgt': 17}, {'uri': 'dmoz/Recreation/Collecting/Patches', 'label': 'dmoz/Recreation/Collecting/Patches', 'wgt': 12}, {'uri': 'news/Business', 'label': 'news/Business', 'wgt': 51}]",https://images.wsj.net/im-175081/social,,,{'facebook': 27},-0.7647058823529411,27,2
6029472195,eng,False,2020-04-12,13:12:00,2020-04-12T13:12:00Z,2020-04-12T13:12:00Z,news,0.0,https://www.wsj.com/articles/flood-prone-cities-face-double-whammy-of-high-water-and-coronavirus-11586696400,Flood-Prone Cities Face Double-Whammy of High Water and Coronavirus ,"Cities along the Mississippi River are fighting emergencies on two fronts: Covid-19 is straining health-care systems and hitting tax revenue just as officials are faced with spring flooding and the coming hurricane season.

""We are dealing with some unprecedented times in local government to manage two disasters simultaneously,"" said Sharon Weston Broome, mayor of Baton Rouge, La., and co-chair of the Mississippi River Cities and Towns Initiative, which represents about 100 mayors....","{'uri': 'wsj.com', 'dataType': 'news', 'title': 'The Wall Street Journal'}","[{'uri': 'joe_barrett@wsj.com', 'name': 'Joe Barrett', 'type': 'author', 'isAgency': False}]","[{'uri': 'http://en.wikipedia.org/wiki/Coronavirus', 'type': 'wiki', 'score': 3, 'label': {'eng': 'Coronavirus'}}, {'uri': 'http://en.wikipedia.org/wiki/Mississippi_River', 'type': 'wiki', 'score': 3, 'label': {'eng': 'Mississippi River'}}, {'uri': 'http://en.wikipedia.org/wiki/Flood', 'type': 'wiki', 'score': 3, 'label': {'eng': 'Flood'}}, {'uri': 'http://en.wikipedia.org/wiki/Tropical_cyclone', 'type': 'wiki', 'score': 3, 'label': {'eng': 'Tropical cyclone'}}, {'uri': 'http://en.wikipedia.org/wiki/Sharon_Weston_Broome', 'type': 'person', 'score': 2, 'label': {'eng': 'Sharon Weston Broome'}}, {'uri': 'http://en.wikipedia.org/wiki/Mayor', 'type': 'wiki', 'score': 2, 'label': {'eng': 'Mayor'}}, {'uri': 'http://en.wikipedia.org/wiki/Baton_Rouge,_Louisiana', 'type': 'loc', 'score': 2, 'label': {'eng': 'Baton Rouge, Louisiana'}, 'location': {'type': 'place', 'label': {'eng': 'Baton Rouge, Louisiana'}, 'country': {'type': 'country', 'label': {'eng': 'United States'}}}}]","[{'uri': 'dmoz/Recreation/Boating/Paddling', 'label': 'dmoz/Recreation/Boating/Paddling', 'wgt': 14}, {'uri': 'dmoz/Science/Earth_Sciences/Natural_Disasters_and_Hazards', 'label': 'dmoz/Science/Earth Sciences/Natural Disasters and Hazards', 'wgt': 21}, {'uri': 'dmoz/Home/Emergency_Preparation', 'label': 'dmoz/Home/Emergency Preparation', 'wgt': 12}, {'uri': 'dmoz/Society/Philanthropy/Disaster_Relief_and_Recovery', 'label': 'dmoz/Society/Philanthropy/Disaster Relief and Recovery', 'wgt': 12}, {'uri': 'dmoz/Health/Occupational_Health_and_Safety/Emergency_Preparedness', 'label': 'dmoz/Health/Occupational Health and Safety/Emergency Preparedness', 'wgt': 12}]",https://images.wsj.net/im-174869/social,,,{'facebook': 25},-0.5686274509803921,25,52
